{"cameraMode":{"drawMode":0,"name":"Shaded","section":"Shading Mode"},"sceneLighting":true,"audioPlay":false,"sceneViewState":{"showFog":true,"showMaterialUpdate":false,"showSkybox":true,"showFlares":true,"showImageEffects":true,"showParticleSystems":true},"in2DMode":false,"pivot":{"x":-0.17772185802459718,"y":12.911081314086914,"z":-4.705853462219238},"rotation":{"x":0.24643370509147645,"y":-0.0034904603380709888,"z":0.000887480506207794,"w":0.9691548347473145},"size":9.09999942779541,"orthographic":false}