{"cameraMode":{"drawMode":0,"name":"Shaded","section":"Shading Mode"},"sceneLighting":false,"audioPlay":false,"sceneViewState":{"showFog":true,"showMaterialUpdate":false,"showSkybox":false,"showFlares":true,"showImageEffects":true,"showParticleSystems":true},"in2DMode":false,"pivot":{"x":-0.8399999737739563,"y":1.440000057220459,"z":1.100000023841858},"rotation":{"x":0.34524551033973696,"y":-0.0005646040663123131,"z":0.00020773815049324185,"w":0.938512921333313},"size":0.39317771792411806,"orthographic":false}